OrderID,Product,Quantity,Price,Date,Notes
1,  Product A,10,5.99,2023-01-01,[Urgent] Important order
2,Product B,8,12.99,2023-01-02,[Normal] Regular order
3,Product A,5,5.99,2023-01-03,[High] Special order
4,,3,9.99,2023-01-04,[Low] Standard order
5,Product D,2,7.99,2023-01-05,[Urgent] Important order
6,Product B,4,14.99,2023-01-06,[Normal] Regular order
7,Product A,6,6.99,2023-01-07,[High] Special order
8,Product C,7,10.99,2023-01-08,[Low] Standard order
9,Product A,5,,2023-01-09,[Urgent] Important order
10,  Product B,3,12.99,2023-01-10,[Normal] Regular order
11,Product D,8,7.99,2023-01-11,[High] Special order
12,Product C,2,9.99,2023-01-12,[Low] Standard order
13,Product A,4,5.99,2023-01-13,[Urgent] Important order
14,,6,12.99,2023-01-14,[Normal] Regular order
15,Product D,3,7.99,2023-01-15,[High] Special order
16,Product C,9,10.99,2023-01-16,[Low] Standard order
17,Product A,2,5.99,2023-01-17,[Urgent] Important order
18,  Product B,4,12.99,2023-01-18,[Normal] Regular order
19,Product D,5,7.99,2023-01-19,[High] Special order
20,Product C,7,10.99,2023-01-20,[Low] Standard order
21,Product A,3,5.99,2023-01-21,[Urgent] Important order
22,,6,12.99,2023-01-22,[Normal] Regular order
23,Product D,4,7.99,2023-01-23,[High] Special order
24,Product C,8,10.99,2023-01-24,[Low] Standard order
25,Product A,5,5.99,2023-01-25,[Urgent] Important order
26,  Product B,2,12.99,2023-01-26,[Normal] Regular order
27,Product D,7,7.99,2023-01-27,[High] Special order
28,Product C,4,,2023-01-28,[Low] Standard order
29,Product A,8,5.99,2023-01-29,[Urgent] Important order
30,Product B,3,12.99,2023-01-30,[Normal] Regular order
31, Product B,4,11.99,2023-01-31,[High] Special order
32,Product C,3,9.99,2023-02-01,[Urgent] Important order
33,,5,8.99,2023-02-02,[Normal] Regular order
34,Product D,6,7.99,2023-02-03,[Low] Standard order
35,  Product A,2,5.99,2023-02-04,[Urgent] Important order
36,Product B,4,,2023-02-05,[Normal] Regular order
37,Product A,3,5.99,2023-02-06,[High] Special order
38,Product C,7,10.99,2023-02-07,[Low] Standard order
39,Product A,,9.99,2023-02-08,[Urgent] Important order
40,  Product B,4,12.99,2023-02-09,[Normal] Regular order
41,Product D,8,7.99,2023-02-10,[High] Special order
42,Product C,2,9.99,2023-02-11,[Low] Standard order
43,Product A,4,5.99,2023-02-12,[Urgent] Important order
44,,6,12.99,2023-02-13,[Normal] Regular order
45,Product D,,7.99,2023-02-14,[High] Special order
46,Product C,9,10.99,2023-02-15,[Low] Standard order
47,Product A,2,5.99,2023-02-16,[Urgent] Important order
48,  Product B,4,12.99,2023-02-17,[Normal] Regular order
49,Product D,5,7.99,2023-02-18,[High] Special order
50,Product C,7,10.99,2023-02-19,[Low] Standard order
51,Product A,3,5.99,2023-02-20,[Urgent] Important order
52,  Product B,6,12.99,2023-02-21,[Normal] Regular order
53,Product D,,7.99,2023-02-22,[High] Special order
54,Product C,8,10.99,2023-02-23,[Low] Standard order
55,Product A,5,5.99,2023-02-24,[Urgent] Important order
56,Product B,2,12.99,2023-02-25,[Normal] Regular order
57,Product D,7,7.99,2023-02-26,[High] Special order
58,Product C,4,10.99,2023-02-27,[Low] Standard order
59,Product A,8,5.99,2023-02-28,[Urgent] Important order
60,Product B,3,12.99,2023-03-01,[Normal] Regular order
61,Product A,7,6.99,2023-03-02,[High] Special order
62,Product B,4,11.99,2023-03-03,[Urgent] Important order
63,Product C,3,9.99,2023-03-04,[Normal] Regular order
64,,5,8.99,2023-03-05,[High] Special order
65,Product D,6,7.99,2023-03-06,[Low] Standard order
66,  Product A,2,5.99,2023-03-07,[Urgent] Important order
67,Product B,4,,2023-03-08,[Normal] Regular order
68,Product A,3,5.99,2023-03-09,[High] Special order
69,Product C,7,10.99,2023-03-10,[Low] Standard order
70,Product A,,9.99,2023-03-11,[Urgent] Important order
71,  Product B,4,12.99,2023-03-12,[Normal] Regular order
72,Product D,8,7.99,2023-03-13,[High] Special order
73,Product C,2,9.99,2023-03-14,[Low] Standard order
74,Product A,4,5.99,2023-03-15,[Urgent] Important order
75,,6,12.99,2023-03-16,[Normal] Regular order
76,Product D,,7.99,2023-03-17,[High] Special order
77,Product C,9,10.99,2023-03-18,[Low] Standard order
78,Product A,2,5.99,2023-03-19,[Urgent] Important order
79,  Product B,4,12.99,2023-03-20,[Normal] Regular order
80,Product D,5,7.99,2023-03-21,[High] Special order
81,Product C,7,10.99,2023-03-22,[Low] Standard order
82,Product A,3,5.99,2023-03-23,[Urgent] Important order
83,  Product B,6,12.99,2023-03-24,[Normal] Regular order
84,Product D,,7.99,2023-03-25,[High] Special order
85,Product C,8,10.99,2023-03-26,[Low] Standard order
86,Product A,5,5.99,2023-03-27,[Urgent] Important order
87,Product B,2,12.99,2023-03-28,[Normal] Regular order
88,Product D,7,7.99,2023-03-29,[High] Special order
89,Product C,4,10.99,2023-03-30,[Low] Standard order
90,Product A,8,5.99,2023-03-31,[Urgent] Important order
91,Product B,3,12.99,2023-04-01,[Normal] Regular order
92,Product A,7,6.99,2023-04-02,[High] Special order
93,Product B,4,11.99,2023-04-03,[Urgent] Important order
94,Product C,3,9.99,2023-04-04,[Normal] Regular order
95,,5,8.99,2023-04-05,[High] Special order
96,Product D,6,7.99,2023-04-06,[Low] Standard order
97,Product A,2,5.99,2023-04-07,[Urgent] Important order
98,Product B,4,,2023-04-08,[Normal] Regular order
99,Product A,3,5.99,2023-04-09,[High] Special order
100,Product C,7,10.99,2023-04-10,[Low] Standard order
